INSERT INTO lesson_term(term_id, lesson_id, term_num) VALUES
(1, 1, 1),
(2, 1, 2),
(3, 1, 3),
(4, 1, 4),
(5, 1, 5),
(6, 1, 6),
(7, 1, 7),
(8, 1, 8),
(9, 1, 9),
(10, 1, 10),
(11, 2, 1),
(12, 2, 2),
(13, 2, 3),
(14, 2, 4),
(15, 2, 5),
(16, 2, 6),
(17, 2, 7),
(18, 2, 8),
(19, 2, 9),
(20, 2, 10),
(21, 3, 1),
(22, 3, 2),
(23, 3, 3),
(24, 3, 4),
(25, 3, 5),
(26, 3, 6),
(27, 3, 7),
(28, 3, 8),
(29, 3, 9),
(30, 3, 10),
(31, 4, 1),
(32, 4, 2),
(33, 4, 3),
(34, 4, 4),
(35, 4, 5),
(36, 4, 6),
(37, 4, 7),
(38, 4, 8),
(39, 4, 9),
(40, 4, 10),
(41, 5, 1),
(42, 5, 2),
(43, 5, 3),
(44, 5, 4),
(45, 5, 5),
(46, 5, 6),
(47, 5, 7),
(48, 5, 8),
(49, 5, 9),
(50, 5, 10),
(51, 6, 1),
(52, 6, 2),
(53, 6, 3),
(54, 6, 4),
(55, 6, 5),
(56, 6, 6),
(57, 6, 7),
(58, 6, 8),
(59, 6, 9),
(60, 6, 10),
(61, 7, 1),
(62, 7, 2),
(63, 7, 3),
(64, 7, 4),
(65, 7, 5),
(66, 7, 6),
(67, 7, 7),
(68, 7, 8),
(69, 7, 9),
(70, 7, 10),
(71, 8, 1),
(72, 8, 2),
(73, 8, 3),
(74, 8, 4),
(75, 8, 5),
(76, 8, 6),
(77, 8, 7),
(78, 8, 8),
(79, 8, 9),
(80, 8, 10),
(81, 9, 1),
(82, 9, 2),
(83, 9, 3),
(84, 9, 4),
(85, 9, 5),
(86, 9, 6),
(87, 9, 7),
(88, 9, 8),
(89, 9, 9),
(90, 9, 10),
(91, 10, 1),
(92, 10, 2),
(93, 10, 3),
(94, 10, 4),
(95, 10, 5),
(96, 10, 6),
(97, 10, 7),
(98, 10, 8),
(99, 10, 9),
(100, 10, 10);

INSERT INTO lesson_question(id, task_id, term_id, lesson_id) VALUES
(1, 1, 1, 1),
(2, 1, 2, 1),
(3, 1, 3, 1),
(4, 1, 4, 1),
(5, 1, 5, 1),
(6, 2, 11, 2),
(7, 2, 12, 2),
(8, 2, 13, 2),
(9, 2, 14, 2),
(10, 2, 15, 2),
(11, 3, 21, 3),
(12, 3, 22, 3),
(13, 3, 23, 3),
(14, 3, 24, 3),
(15, 3, 25, 3),
(16, 4, 31, 4),
(17, 4, 32, 4),
(18, 4, 33, 4),
(19, 4, 34, 4),
(20, 4, 35, 4),
(21, 5, 41, 5),
(22, 5, 42, 5),
(23, 5, 43, 5),
(24, 5, 44, 5),
(25, 5, 45, 5),
(26, 6, 51, 6),
(27, 6, 52, 6),
(28, 6, 53, 6),
(29, 6, 54, 6),
(30, 6, 55, 6),
(31, 7, 61, 7),
(32, 7, 62, 7),
(33, 7, 63, 7),
(34, 7, 64, 7),
(35, 7, 65, 7),
(36, 8, 71, 8),
(37, 8, 72, 8),
(38, 8, 73, 8),
(39, 8, 74, 8),
(40, 8, 75, 8),
(41, 9, 81, 9),
(42, 9, 82, 9),
(43, 9, 83, 9),
(44, 9, 84, 9),
(45, 9, 85, 9),
(46, 10, 91, 10),
(47, 10, 92, 10),
(48, 10, 93, 10),
(49, 10, 94, 10),
(50, 10, 95, 10);

INSERT INTO standalone_question(id, task_id, term_id) VALUES
(51, 11, 101),
(52, 11, 102),
(53, 11, 103),
(54, 11, 104),
(55, 11, 105),
(56, 11, 106),
(57, 11, 107),
(58, 11, 108),
(59, 12, 109),
(60, 12, 110),
(61, 12, 111),
(62, 12, 112),
(63, 12, 113),
(64, 12, 114),
(65, 13, 115),
(66, 13, 116),
(67, 13, 117),
(68, 13, 118),
(69, 13, 119),
(70, 14, 120),
(71, 14, 121),
(72, 14, 122),
(73, 14, 123),
(74, 14, 124),
(75, 14, 125),
(76, 14, 126);