CREATE EXTENSION IF NOT EXISTS "pgcrypto";

DROP TABLE IF EXISTS lesson_question;
DROP TABLE IF EXISTS standalone_question;
DROP TABLE IF EXISTS lesson_term;
DROP TABLE IF EXISTS term;
DROP TABLE IF EXISTS progress;
DROP TABLE IF EXISTS question;
DROP TABLE IF EXISTS standalone_task;
DROP TABLE IF EXISTS lesson_task;
DROP TABLE IF EXISTS task;
DROP TABLE IF EXISTS file;
DROP TABLE IF EXISTS lesson;
DROP TABLE IF EXISTS _user;

CREATE TABLE _user
(
   email VARCHAR(320) NOT NULL,
   name VARCHAR(50) NOT NULL,
   surname VARCHAR(50) NOT NULL,
   date_of_birth DATE NOT NULL,
   gender VARCHAR(1) NOT NULL CHECK ( gender IN ('M', 'F') ),
   password VARCHAR(100) NOT NULL,
   theme_color VARCHAR(10) NOT NULL CHECK ( theme_color IN ('LIGHT', 'DARK', 'SYSTEM') ) DEFAULT 'SYSTEM',
   date_format VARCHAR(20) NOT NULL DEFAULT 'DD.MM.YYYY',
   PRIMARY KEY (email)
);

CREATE TABLE lesson
(
   id BIGSERIAL NOT NULL,
   lesson_name_cro VARCHAR(50) NOT NULL,
   lesson_name_jpn VARCHAR(50) NOT NULL,
   description_cro VARCHAR(200) NOT NULL,
   description_jpn VARCHAR(200) NOT NULL,
   difficulty INT NOT NULL CHECK ( difficulty BETWEEN 1 AND 5),
   PRIMARY KEY (id)
);

CREATE TABLE file
(
   UUID UUID NOT NULL DEFAULT gen_random_uuid(),
   data BYTEA NOT NULL,
   media_type VARCHAR(50) NOT NULL,
   file_name VARCHAR(50) NOT NULL,
   PRIMARY KEY (UUID)
);

CREATE TABLE task
(
   id BIGSERIAL NOT NULL,
   task_name_cro VARCHAR(80) NOT NULL,
   task_name_jpn VARCHAR(80) NOT NULL,
   PRIMARY KEY (id)
);

CREATE TABLE lesson_task
(
   id BIGINT NOT NULL,
   lesson_id BIGINT NOT NULL,
   PRIMARY KEY (id),
   FOREIGN KEY (id) REFERENCES task(id),
   FOREIGN KEY (lesson_id) REFERENCES lesson(id)
);

CREATE TABLE standalone_task
(
   id BIGINT NOT NULL,
   difficulty INT NOT NULL CHECK ( difficulty BETWEEN 1 AND 5 ),
   PRIMARY KEY (id),
   FOREIGN KEY (id) REFERENCES task(id)
);

CREATE TABLE question
(
   id BIGSERIAL NOT NULL,
   question_cro VARCHAR(80) NOT NULL,
   question_jpn VARCHAR(80) NOT NULL,
   hint_cro VARCHAR(80) NOT NULL,
   hint_jpn VARCHAR(80) NOT NULL,
   explanation_cro VARCHAR(150) NOT NULL,
   explanation_jpn VARCHAR(150) NOT NULL,
   PRIMARY KEY (id)
);

CREATE TABLE progress
(
   lesson_id BIGINT NOT NULL,
   email VARCHAR(320) NOT NULL,
   term_num INT NOT NULL,
   question_num INT,
   PRIMARY KEY (lesson_id, email),
   FOREIGN KEY (lesson_id) REFERENCES lesson(id),
   FOREIGN KEY (email) REFERENCES _user(email)
);

CREATE TABLE term
(
   id BIGSERIAL NOT NULL,
   difficulty INT NOT NULL CHECK ( difficulty BETWEEN 1 AND 5 ),
   term_name_cro VARCHAR(50) NOT NULL,
   term_name_jpn VARCHAR(50) NOT NULL,
   description_cro VARCHAR(150) NOT NULL,
   description_jpn VARCHAR(150) NOT NULL,
   audio_UUID UUID,
   image_UUID UUID,
   PRIMARY KEY (id),
   FOREIGN KEY (audio_UUID) REFERENCES file(UUID),
   FOREIGN KEY (image_UUID) REFERENCES file(UUID)
);

CREATE TABLE lesson_term
(
   term_id BIGINT NOT NULL,
   lesson_id BIGINT NOT NULL,
   term_num INT NOT NULL,
   PRIMARY KEY (term_id, lesson_id),
   FOREIGN KEY (term_id) REFERENCES term(id),
   FOREIGN KEY (lesson_id) REFERENCES lesson(id)
);

CREATE TABLE standalone_question
(
   id BIGINT NOT NULL,
   task_id BIGINT NOT NULL,
   term_id BIGINT NOT NULL,
   PRIMARY KEY (id),
   FOREIGN KEY (id) REFERENCES question(id),
   FOREIGN KEY (task_id) REFERENCES standalone_task(id),
   FOREIGN KEY (term_id) REFERENCES term(id)
);

CREATE TABLE lesson_question
(
   id BIGINT NOT NULL,
   task_id BIGINT NOT NULL,
   term_id BIGINT NOT NULL,
   lesson_id BIGINT NOT NULL,
   PRIMARY KEY (id),
   FOREIGN KEY (id) REFERENCES question(id),
   FOREIGN KEY (task_id) REFERENCES lesson_task(id),
   FOREIGN KEY (term_id, lesson_id) REFERENCES lesson_term(term_id, lesson_id)
);

INSERT INTO _user (email, name, surname, date_of_birth, gender, password, theme_color, date_format) VALUES
('sinisa.rados@icloud.com', 'Siniša', 'Radoš', '1969-04-26', 'M', '$2b$12$KPgt.crUu5lYkRjBhJpqbuIQFzDjEY6vC/HI2HD4gUhpyCS3J9Ezq', 'SYSTEM', 'YYYY-MM-DD'),
('anamarija.tadic@hotmail.com', 'Anamarija', 'Tadić', '1968-02-21', 'F', '$2b$12$6EVH5ff29bLTQv5I9N6cKuTcB9ZLGiN.ntYBVSnVEzWgPNw2zX8q.', 'SYSTEM', 'YYYY-MM-DD'),
('kristina.rogoznica@icloud.com', 'Kristina', 'Rogoznica', '1982-09-15', 'F', '$2b$12$iTQDAuDTsMU.bptdGZYOXewYjmp0tZx/WWafS06u7Gq4qf/.S0l7.', 'SYSTEM', 'DD.MM.YYYY'),
('lovro.tadic@mail.com', 'Lovro', 'Tadić', '1980-11-23', 'M', '$2b$12$Sr4mW3UHgthELel7Lz6vQuw062Kqe5g6uj3XWAZ67KB6zctN8WRr.', 'SYSTEM', 'MM/DD/YYYY'),
('stjepan.soldo@icloud.com', 'Stjepan', 'Soldo', '2009-03-25', 'M', '$2b$12$DP.mdmHYchzwRmKXi6Y6POMmorKCo/cSv3aNn24FnigtUhia6927C', 'SYSTEM', 'YYYY-MM-DD'),
('matea.rogoznica@icloud.com', 'Matea', 'Rogoznica', '1980-11-15', 'F', '$2b$12$21AlN.RnzAitLsYekkrveeD8vzi/wTlF7YoJpp1hFx3Zc4Zdx8UKS', 'DARK', 'YYYY-MM-DD'),
('barbara.petrovic@yahoo.com', 'Barbara', 'Petrović', '2006-11-11', 'F', '$2b$12$qLW4NA8YrEgQTWtVSzBL8.0W2ewRPoAZsHvrEBvjcERsnVmG53l9m', 'DARK', 'MM/DD/YYYY'),
('mirjana.benkovic@mail.com', 'Mirjana', 'Benković', '2001-09-03', 'F', '$2b$12$aHFjIgtZIOwVzTgNTiSR5.k4QV.U0OqiT84puaWlijjPxA60e4LT6', 'LIGHT', 'YYYY-MM-DD'),
('karlo.tomic@outlook.com', 'Karlo', 'Tomić', '1998-01-30', 'M', '$2b$12$GS5j2la61UmPbIW2UL3gG.oGoJB9rEGX7ytE2PAztxS38M3inD2HG', 'SYSTEM', 'YYYY-MM-DD'),
('andrea.milic@aol.com', 'Andrea', 'Milić', '2004-01-10', 'F', '$2b$12$GhhOcQszexKVIBJsUOC35e88TyTCAl36PSK92iyJ/0OJ990VsI8vW', 'LIGHT', 'DD.MM.YYYY');

INSERT INTO lesson (lesson_name_cro, lesson_name_jpn, description_cro, description_jpn, difficulty) VALUES
('Upoznavanje', '自己紹介', 'Naučite kako se predstaviti i upoznati druge ljude.', '自己紹介や他の人と知り合う方法を学びます。', 1),
('Brojevi', '数字', 'Osnovni brojevi od 1 do 100 i kako ih koristiti.', '1から100までの基本的な数字とその使い方。', 1),
('Dani u tjednu', '曜日', 'Nazivi dana u tjednu i kako govoriti o rasporedu.', '曜日の名前とスケジュールについて話す方法。', 1),
('Hrana i piće', '食べ物と飲み物', 'Rječnik o hrani i piću, naručivanje u restoranu.', '食べ物と飲み物の語彙、レストランでの注文の仕方。', 2),
('Vrijeme i datum', '時間と日付', 'Kako pitati i reći vrijeme i datum.', '時間や日付の尋ね方と答え方。', 2),
('Glagoli i konjugacija', '動詞と活用', 'Uvod u osnovne glagole i njihovu konjugaciju.', '基本的な動詞とその活用の紹介。', 3),
('Putovanje', '旅行', 'Izrazi korisni za putovanje i navigaciju.', '旅行や道案内で役立つ表現。', 2),
('Kupovina', '買い物', 'Kako kupovati i pitati za cijene.', '買い物の仕方や値段の尋ね方。', 2),
('Pristojnost i formalnost', '丁寧語と敬語', 'Kako koristiti pristojan jezik u razgovoru.', '会話で丁寧語や敬語を使う方法。', 4),
('Kultura i običaji', '文化と習慣', 'Osnove japanske kulture i društvenih normi.', '日本の文化や社会的習慣の基本。', 5);

INSERT INTO task (task_name_cro, task_name_jpn) VALUES
('Upoznavanje', '自己紹介'),
('Brojevi', '数字'),
('Dani u tjednu', '曜日'),
('Hrana i piće', '食べ物と飲み物'),
('Vrijeme i datum', '時間と日付'),
('Glagoli i konjugacija', '動詞と活用'),
('Putovanje', '旅行'),
('Kupovina', '買い物'),
('Pristojnost i formalnost', '丁寧語と敬語'),
('Kultura i običaji', '文化と習慣'),
('Boje', '色'),
('Obitelj', '家族'),
('Lokacije i smjerovi', '場所と方向'),
('Emocije i osjećaji', '感情と気持ち');

INSERT INTO lesson_task(id, lesson_id) VALUES
(1, 1),
(2, 2),
(3, 3),
(4, 4),
(5, 5),
(6, 6),
(7, 7),
(8, 8),
(9, 9),
(10, 10);

INSERT INTO standalone_task(id, difficulty) VALUES
(11, 1),
(12, 2),
(13, 3),
(14, 4);

INSERT INTO question (question_cro, question_jpn, hint_cro, hint_jpn, explanation_cro, explanation_jpn) VALUES
('Kako na japanskom reći "Zdravo"?', '「こんにちは」はクロアチア語で何と言いますか？', 'Pozdrav', '挨拶', 'Naučiš kako se pozdravlja tijekom dana.', '日中の挨拶の言い方を学びます。'),
('Kako reći "Moje ime je..." na japanskom?', '「わたしのなまえは…」はクロアチア語で何ですか？', 'Predstavljanje', '自己紹介', 'Izraz koji koristimo kad se predstavljamo.', '自己紹介の時に使う表現です。'),
('Koju frazu koristiš kad nekoga prvi put upoznaš?', '初対面のとき、どの挨拶を使いますか？', 'Upoznavanje', '初対面', 'Koristi se kada se prvi put susrećemo s nekim.', '初めて会う時に使います。'),
('Kako pitamo nekoga za ime na japanskom?', '名前を聞くとき、どう言いますか？', 'Ime', '名前', 'Učiš kako pitati osobu za ime.', '相手の名前の尋ね方を学びます。'),
('Kako pitaš nekoga odakle je?', '出身地を尋ねる時、何と言いますか？', 'Porijeklo', '出身', 'Pomaže ti naučiti pitati odakle je osoba.', '相手の出身地を尋ねる方法を学びます。'),
('Kako reći broj 0 na japanskom?', '数字の0は日本語で何と言いますか？', 'Broj', '数字', 'Naučiš brojanje od nule.', '数字の基本を学びます。'),
('Kako se kaže broj 1 na japanskom?', '「1」はクロアチア語で何ですか？', 'Prvi broj', '最初の数字', 'Početak brojanja.', '数字の最初です。'),
('Kako reći broj 2 na japanskom?', '「2」は日本語で何と言いますか？', 'Drugi broj', '2番目', 'Nastavak brojanja.', '数字の次に続きます。'),
('Kako se kaže broj 3 na japanskom?', '「3」は日本語で何ですか？', 'Često korišten', 'よく使う', 'Često korišten broj u svakodnevici.', '日常的によく使われる数字です。'),
('Koji broj ima dva izgovora, uključujući "shi"?', '「し」という発音を含む数字はどれですか？', 'Značenje smrti', '死の意味', 'Učiš zašto se neki izgovori izbjegavaju.', 'ある発音が避けられる理由を学びます。'),
('Kako se kaže "Ponedjeljak" na japanskom?', '「月曜日」はクロアチア語で何ですか？', 'Početak tjedna', '週の始まり', 'Ponedjeljak je prvi dan radnog tjedna.', '月曜日は週の最初の平日です。'),
('Koji dan slijedi nakon ponedjeljka?', '月曜日の次の日は何曜日ですか？', 'Nakon ponedjeljka', '月曜の次', 'Utorak je drugi dan u tjednu.', '火曜日は週の2日目です。'),
('Kako se zove dan koji je u sredini tjedna?', '週の真ん中の日は何曜日ですか？', 'Sredina tjedna', '週の真ん中', 'Srijeda dijeli tjedan na dva dijela.', '水曜日は週の中央にあります。'),
('Koji dan dolazi nakon srijede?', '水曜日の次の日は何曜日ですか？', 'Nakon srijede', '水曜の次', 'Četvrtak dolazi nakon srijede.', '木曜日は水曜日の次の日です。'),
('Koji dan je za većinu ljudi zadnji radni dan?', '多くの人にとって、最後の平日は何曜日ですか？', 'Zadnji radni dan', '最後の平日', 'Petak označava kraj radnog tjedna.', '金曜日は多くの人にとって週の終わりです。'),
('Kako se kaže "Voda" na japanskom?', '「水」はクロアチア語で何ですか？', 'Osnovno piće', '基本的な飲み物', 'Voda je osnovno piće koje je bezbojan tekućina.', '水は無色の液体で、基本的な飲み物です。'),
('Koje je glavno jelo u japanskoj kuhinji?', '日本料理の主食は何ですか？', 'Glavno jelo', '主食', 'Riža je osnovno jelo u japanskoj kuhinji.', 'ご飯は日本料理の主食です。'),
('Kako se kaže "Riba" na japanskom?', '「魚」はクロアチア語で何ですか？', 'Namirnica', '食材', 'Riba je često korištena u japanskoj kuhinji.', '魚は日本料理でよく使われる食材です。'),
('Koje je popularno japansko piće?', '日本で人気のある飲み物は何ですか？', 'Zeleni čaj', '緑茶', 'Čaj je popularno piće, a zeleni čaj je najčešći.', 'お茶は日本で人気があり、緑茶が一般的です。'),
('Kako se kaže "Juha od miso" na japanskom?', '「味噌汁」はクロアチア語で何ですか？', 'Japanska juha', '日本のスープ', 'Juha od miso je tradicionalna japanska juha od fermentirane paste.', '味噌汁は発酵した味噌を使った日本の伝統的なスープです。'),
('Kako se kaže "Danas" na japanskom?', '「今日」はクロアチア語で何ですか？', 'Danasnji dan', '現在の日', 'Danas označava trenutni dan.', '今日は現在の日を指します。'),
('Kako se kaže "Jučer" na japanskom?', '「昨日」はクロアチア語で何ですか？', 'Dan prije danas', '今日の前の日', 'Jučer je dan koji je prethodio današnjem.', '昨日は今日の前の日です。'),
('Kako se kaže "Sutra" na japanskom?', '「明日」はクロアチア語で何ですか？', 'Dan nakon danas', '今日の次の日', 'Sutra je dan koji dolazi nakon današnjeg.', '明日は今日の次の日です。'),
('Kako se zove razdoblje od sedam dana?', '7日間の期間は何ですか？', 'Sedam dana', '7日間', 'Tjedan je razdoblje od sedam dana.', '週は7日間の期間です。'),
('Kako se kaže "Mjesec" na japanskom?', '「月」はクロアチア語で何ですか？', 'Razdoblje od oko 30 dana', '約30日の期間', 'Mjesec je razdoblje od oko 30 dana ili naziv za lunarni ciklus.', '月は約30日の期間、または月の名前です。'),
('Kako se kaže "Raditi" na japanskom?', '「働く」はクロアチア語で何ですか？', 'Izvoditi aktivnosti', '活動を行う', 'Raditi znači izvoditi fizičke ili intelektualne aktivnosti.', '働くとは肉体的または知的な活動を行うことです。'),
('Kako se kaže "Jesti" na japanskom?', '「食べる」はクロアチア語で何ですか？', 'Uzimanje hrane', '食べ物を取る', 'Jesti znači uzimati hranu.', '食べるとは食べ物を取ることです。'),
('Kako se kaže "Piti" na japanskom?', '「飲む」はクロアチア語で何ですか？', 'Uzimanje tekućine', '液体を取る', 'Piti znači uzimati tekućinu.', '飲むとは液体を取ることです。'),
('Kako se kaže "Spavati" na japanskom?', '「寝る」はクロアチア語で何ですか？', 'Stanje mirovanja', '休むこと', 'Spavati znači biti u stanju mirovanja tijekom noći.', '寝るとは夜間に休むことです。'),
('Kako se kaže "Čitati" na japanskom?', '「読む」はクロアチア語で何ですか？', 'Istraživanje teksta', 'テキストを読む', 'Čitati znači istraživati tekst ili pisani materijal.', '読むとはテキストや書かれた資料を読むことです。'),
('Kako se kaže "Putovanje" na japanskom?', '「旅行」はクロアチア語で何ですか？', 'Putovanje od mjesta do mjesta', '場所から場所への移動', 'Putovanje znači kretanje od mjesta do mjesta u svrhu opuštanja, istraživanja ili poslovanja.', '旅行はリラックス、探検、またはビジネスの目的で場所から場所への移動です。'),
('Kako se kaže "Zrakoplov" na japanskom?', '「飛行機」はクロアチア語で何ですか？', 'Uređaj za letenje', '飛ぶ乗り物', 'Zrakoplov je uređaj koji leti i koristi se za putovanje na velike udaljenosti.', '飛行機は遠距離移動のために使われる飛行する乗り物です。'),
('Kako se kaže "Automobil" na japanskom?', '「自動車」はクロアチア語で何ですか？', 'Vozilo na kotačima', '車輪のついた乗り物', 'Automobil je vozilo na kotačima koje se koristi za putovanje po cesti.', '自動車は道路を走るために使われる車両です。'),
('Kako se kaže "Vlak" na japanskom?', '「電車」はクロアチア語で何ですか？', 'Sredstvo za prijevoz po željeznici', '鉄道の乗り物', 'Vlak je sredstvo za prijevoz na željezničkoj pruzi.', '電車は鉄道の上を走る交通手段です。'),
('Kako se kaže "Brod" na japanskom?', '「船」はクロアチア語で何ですか？', 'Plovni objekt', '海の乗り物', 'Brod je plovni objekt koji se koristi za putovanje po moru.', '船は海上を移動するための乗り物です。'),
('Kako se kaže "Kupovina" na japanskom?', '「買い物」はクロアチア語で何ですか？', 'Aktivnost kupnje', '購入活動', 'Kupovina je aktivnost kupnje proizvoda ili usluga.', '買い物は製品やサービスを購入する活動です。'),
('Kako se kaže "Trgovina" na japanskom?', '「店」はクロアチア語で何ですか？', 'Mjesto za kupovinu', '購入場所', 'Trgovina je mjesto gdje se prodaju proizvodi ili usluge.', '店は製品やサービスを販売する場所です。'),
('Kako se kaže "Novac" na japanskom?', '「お金」はクロアチア語で何ですか？', 'Sredstvo razmjene', '交換手段', 'Novac je sredstvo razmjene za kupovinu proizvoda ili usluga.', 'お金は製品やサービスを購入するための交換手段です。'),
('Kako se kaže "Cijena" na japanskom?', '「価格」はクロアチア語で何ですか？', 'Vrijednost izražena u novcu', '金銭的な価値', 'Cijena je vrijednost proizvoda ili usluge izražena u novčanoj jedinici.', '価格は製品やサービスの金銭的な価値です。'),
('Kako se kaže "Popust" na japanskom?', '「割引」はクロアチア語で何ですか？', 'Smanjenje cijene', '価格を下げる', 'Popust je smanjenje cijene proizvoda ili usluge.', '割引は製品やサービスの価格を下げることです。'),
('Kako se kaže "Pozdrav" na japanskom?', '「挨拶」はクロアチア語で何ですか？', 'Izraz pri susretu ili odlasku', '出会いや別れの言葉', 'Pozdrav je riječ ili izraz koji se koristi pri susretu ili odlasku od drugih.', '挨拶は人と会うときや別れるときに使う言葉や表現です。'),
('Kako se kaže "Molim" na japanskom?', '「お願いします」はクロアチア語で何ですか？', 'Ljubazni izraz za traženje', 'お願いの表現', 'Molim je ljubazni izraz za traženje nečega ili izražavanje želje.', 'お願いしますは何かをお願いする時に使う丁寧な表現です。'),
('Kako se kaže "Hvala" na japanskom?', '「ありがとう」はクロアチア語で何ですか？', 'Izraz zahvalnosti', '感謝の言葉', 'Hvala je izraz zahvalnosti.', 'ありがとうは感謝の気持ちを表す言葉です。'),
('Kako se kaže "Izvolite" na japanskom?', '「どうぞ」はクロアチア語で何ですか？', 'Izraz pri davanju nečega', '渡す時の表現', 'Izvolite je izraz koji se koristi prilikom davanja nečega nekoj osobi.', 'どうぞは何かを他の人に渡す時に使う表現です。'),
('Kako se kaže "Oprostite" na japanskom?', '「すみません」はクロアチア語で何ですか？', 'Izraz za ispriku ili privlačenje pažnje', '謝罪や注意を引く', 'Oprostite je izraz koji se koristi za ispriku ili privlačenje pažnje.', 'すみませんは謝罪や注意を引くために使う表現です。'),
('Kako se kaže "Kultura" na japanskom?', '「文化」はクロアチア語で何ですか？', 'Skup običaja i vjerovanja', '習慣や信仰の集まり', 'Kultura je skup običaja, vjerovanja, umjetnosti i ponašanja određene grupe ljudi.', '文化はある集団の習慣、信仰、芸術、行動の総体です。'),
('Kako se kaže "Običaji" na japanskom?', '「習慣」はクロアチア語で何ですか？', 'Uobičajeni načini ponašanja', '一般的な行動様式', 'Običaji su uobičajeni načini ponašanja unutar zajednice ili društva.', '習慣は社会や共同体の中での一般的な行動様式です。'),
('Kako se kaže "Festival" na japanskom?', '「祭り」はクロアチア語で何ですか？', 'Proslava s tradicijama', '伝統的なお祝い', 'Festival je proslava s tradicionalnim aktivnostima, glazbom i hranom.', '祭りは伝統的な活動や音楽、食べ物を伴うお祝いです。'),
('Kako se kaže "Kimono" na japanskom?', '「着物」はクロアチア語で何ですか？', 'Tradicionalna japanska odjeća', '日本の伝統的な衣装', 'Kimono je tradicionalna japanska odjeća nošena u posebnim prilikama.', '着物は特別な場で着られる日本の伝統的な衣装です。'),
('Kako se kaže "Japanska čajna ceremonija" na japanskom?', '「茶道」はクロアチア語で何ですか？', 'Tradicionalni ritual s čajem', 'お茶の儀式', 'Japanska čajna ceremonija je tradicionalni ritual pripreme i posluživanja čaja.', '茶道はお茶を点てて提供する日本の伝統的な儀式です。'),

('Kako se kaže "Crvena" na japanskom?', '「赤」はクロアチア語で何ですか？', 'Topla boja', '暖色', 'Crvena je topla boja koja se često povezuje s ljubavlju, strašću i opasnošću.', '赤は愛や情熱、危険と結びつけられる暖色です。'),
('Kako se kaže "Plava" na japanskom?', '「青」はクロアチア語で何ですか？', 'Hladna boja', '寒色', 'Plava je hladna boja koja simbolizira mir, stabilnost i povjerenje.', '青は平和や安定、信頼を象徴する寒色です。'),
('Kako se kaže "Žuta" na japanskom?', '「黄色」はクロアチア語で何ですか？', 'Svijetla boja', '明るい色', 'Žuta je svijetla boja povezana s radošću, energijom i oprezom.', '黄色は喜びやエネルギー、注意と関係する明るい色です。'),
('Kako se kaže "Zelena" na japanskom?', '「緑」はクロアチア語で何ですか？', 'Boja prirode', '自然の色', 'Zelena je boja prirode koja označava rast, svježinu i sklad.', '緑は自然を表し、成長や新鮮さ、調和を意味します。'),
('Kako se kaže "Crna" na japanskom?', '「黒」はクロアチア語で何ですか？', 'Tamna boja', '暗い色', 'Crna je tamna boja povezana s elegancijom, tajanstvenošću i tugom.', '黒は優雅さや神秘、悲しみと結びつけられる暗い色です。'),
('Kako se kaže "Bijela" na japanskom?', '「白」はクロアチア語で何ですか？', 'Boja čistoće', '純粋な色', 'Bijela je boja čistoće, nevinosti i novog početka.', '白は純粋さや無垢、新たな始まりを象徴する色です。'),
('Kako se kaže "Ružičasta" na japanskom?', '「桃色」はクロアチア語で何ですか？', 'Nježna boja', '優しい色', 'Ružičasta je nježna boja povezana s romantikom i nježnošću.', '桃色はロマンスや優しさを表す柔らかい色です。'),
('Kako se kaže "Siva" na japanskom?', '「灰色」はクロアチア語で何ですか？', 'Neutralna boja', '中立的な色', 'Siva je neutralna boja između crne i bijele, često označava formalnost ili tugu.', '灰色は黒と白の間の中間色で、格式や悲しみを表すことがあります。'),

('Kako se kaže "Majka" na japanskom?', '「母」はクロアチア語で何ですか？', 'Žena koja je rodila ili odgaja dijete', '子どもを産んだり育てたりする女性', 'Majka je žena koja je rodila ili odgaja dijete.', '母は子どもを産んだり育てたりする女性です。'),
('Kako se kaže "Otac" na japanskom?', '「父」はクロアチア語で何ですか？', 'Muškarac koji je otac djeteta', '子どもの父親である男性', 'Otac je muškarac koji je otac djeteta.', '父は子どもの父親である男性です。'),
('Kako se kaže "Brat" na japanskom?', '「兄弟」はクロアチア語で何ですか？', 'Muški član iste obitelji', '同じ親を持つ男性のきょうだい', 'Brat je muški član iste obitelji, sin istih roditelja.', '兄弟は同じ親を持つ男性のきょうだいです。'),
('Kako se kaže "Sestra" na japanskom?', '「姉妹」はクロアチア語で何ですか？', 'Ženska članica iste obitelji', '同じ親を持つ女性のきょうだい', 'Sestra je ženska članica iste obitelji, kći istih roditelja.', '姉妹は同じ親を持つ女性のきょうだいです。'),
('Kako se kaže "Baka" na japanskom?', '「祖母」はクロアチア語で何ですか？', 'Majka oca ili majke', '父または母の母親', 'Baka je majka oca ili majke.', '祖母は父または母の母親です。'),
('Kako se kaže "Djed" na japanskom?', '「祖父」はクロアチア語で何ですか？', 'Otac oca ili majke', '父または母の父親', 'Djed je otac oca ili majke.', '祖父は父または母の父親です。'),

('Kako se kaže "Desno" na japanskom?', '「右」はクロアチア語で何ですか？', 'Smjer prema desnoj strani tijela', '前を向いたときの体の右側の方向', 'Desno je smjer prema desnoj strani tijela kada gledaš naprijed.', '右は前を向いたときの体の右側の方向です。'),
('Kako se kaže "Lijevo" na japanskom?', '「左」はクロアチア語で何ですか？', 'Smjer prema lijevoj strani tijela', '前を向いたときの体の左側の方向', 'Lijevo je smjer prema lijevoj strani tijela kada gledaš naprijed.', '左は前を向いたときの体の左側の方向です。'),
('Kako se kaže "Ispred" na japanskom?', '「前」はクロアチア語で何ですか？', 'Prostor koji se nalazi ispred tebe', '自分や物の前方にある空間', 'Ispred je prostor koji se nalazi ispred tebe ili nečega.', '前は自分や物の前方にある空間です。'),
('Kako se kaže "Iza" na japanskom?', '「後ろ」はクロアチア語で何ですか？', 'Prostor koji se nalazi iza tebe', '自分や物の後方にある空間', 'Iza je prostor koji se nalazi iza tebe ili nečega.', '後ろは自分や物の後方にある空間です。'),
('Kako se kaže "Blizu" na japanskom?', '「近く」はクロアチア語で何ですか？', 'Lokacija koja nije daleko', '距離が短く、近い場所にある', 'Blizu je lokacija koja nije daleko, u neposrednoj blizini.', '近くは距離が短く、近い場所にあることを表します。'),

('Kako se kaže "Sretan" na japanskom?', '「嬉しい」はクロアチア語で何ですか？', 'Osjećaj radosti i zadovoljstva', '喜びや満足感を感じる気持ち', 'Sretan je osjećaj radosti i zadovoljstva.', '嬉しいは喜びや満足感を感じる気持ちです。'),
('Kako se kaže "Tužan" na japanskom?', '「悲しい」はクロアチア語で何ですか？', 'Osjećaj tuge zbog gubitka ili razočaranja', '喪失や失望によって感じる悲しみ', 'Tužan je osjećaj tuge zbog gubitka ili razočaranja.', '悲しいは喪失や失望によって感じる悲しみです。'),
('Kako se kaže "Ljut" na japanskom?', '「怒っている」はクロアチア語で何ですか？', 'Osjećaj bijesa ili frustracije', '不正や問題による怒りや苛立ち', 'Ljut je osjećaj bijesa ili frustracije zbog nepravde ili problema.', '怒っているは不正や問題による怒りや苛立ちを感じることです。'),
('Kako se kaže "Zaljubljen" na japanskom?', '「恋している」はクロアチア語で何ですか？', 'Osjećaj jake emocionalne privrženosti', '誰かに対する強い感情的な愛着', 'Zaljubljen je osjećaj jake emocionalne privrženosti prema nekome.', '恋しているは誰かに対する強い感情的な愛着です。'),
('Kako se kaže "Nervozan" na japanskom?', '「緊張している」はクロアチア語で何ですか？', 'Osjećaj tjeskobe ili napetosti', '不安や緊張を感じる状態', 'Nervozan je osjećaj tjeskobe ili napetosti u nepoznatim situacijama.', '緊張しているは不安や緊張を感じる状態です。'),
('Kako se kaže "Zbunjen" na japanskom?', '「混乱している」はクロアチア語で何ですか？', 'Stanje nesigurnosti ili nerazumijevanja', 'よく分からず、どうしていいか分からない状態', 'Zbunjen je stanje nesigurnosti ili nerazumijevanja.', '混乱しているはよく分からず、どうしていいか分からない状態です。'),
('Kako se kaže "Umoran" na japanskom?', '「疲れている」はクロアチア語で何ですか？', 'Fizički ili mentalni osjećaj iscrpljenosti', '身体的または精神的な疲れを感じる', 'Umoran je fizički ili mentalni osjećaj iscrpljenosti.', '疲れているは身体的または精神的な疲れを感じることです。');

INSERT INTO progress (lesson_id, email, term_num, question_num) VALUES
(1, 'sinisa.rados@icloud.com', 3, NULL),
(1, 'matea.rogoznica@icloud.com', 5, NULL),
(2, 'stjepan.soldo@icloud.com', 1, NULL),
(3, 'andrea.milic@aol.com', 6, NULL),
(3, 'sinisa.rados@icloud.com', 10, 2),
(4, 'matea.rogoznica@icloud.com', 3, NULL),
(5, 'karlo.tomic@outlook.com', 4, NULL),
(5, 'matea.rogoznica@icloud.com', 1, NULL),
(5, 'stjepan.soldo@icloud.com', 5, NULL),
(5, 'andrea.milic@aol.com', 8, NULL),
(6, 'lovro.tadic@mail.com', 3, NULL),
(7, 'karlo.tomic@outlook.com', 7, NULL),
(8, 'lovro.tadic@mail.com', 8, NULL),
(9, 'sinisa.rados@icloud.com', 4, NULL),
(9, 'andrea.milic@aol.com', 9, NULL),
(10, 'karlo.tomic@outlook.com', 10, 4),
(10, 'matea.rogoznica@icloud.com', 10, 3);

INSERT INTO term (difficulty, term_name_cro, term_name_jpn, description_cro, description_jpn) VALUES
(1, 'Zdravo', 'こんにちは', 'Pozdrav koji se koristi tijekom dana.', '日中に使う挨拶です。'),
(1, 'Moje ime je...', 'わたしのなまえは…', 'Izraz kojim se predstavljamo.', '自分の名前を紹介する時の表現です。'),
(1, 'Drago mi je', 'はじめまして', 'Fraza koju koristimo pri upoznavanju.', '初めて会う時に使う挨拶です。'),
(1, 'Kako se zoveš?', 'おなまえはなんですか？', 'Pitanje za ime druge osobe.', '相手の名前を尋ねる表現です。'),
(2, 'Odakle si?', 'どこからきましたか？', 'Pitanje za mjesto porijekla.', '出身地を尋ねる表現です。'),
(2, 'Ja sam iz Hrvatske', 'クロアチアからきました', 'Odgovor na pitanje o porijeklu.', '出身地がクロアチアであることを伝える表現です。'),
(2, 'Koliko imaš godina?', 'なんさいですか？', 'Pitanje o dobi druge osobe.', '年齢を尋ねる時の表現です。'),
(2, 'Imam 25 godina', 'わたしは25さいです', 'Odgovor na pitanje o dobi.', '年齢を答える表現です。'),
(3, 'Zanimanje', 'しょくぎょう', 'Riječ za profesiju ili zanimanje.', '職業に関する単語です。'),
(3, 'Student', 'がくせい', 'Riječ koja označava osobu koja studira.', '勉強している人を表す単語です。'),
(1, 'Nula', 'ゼロ', 'Broj 0, koristi se za izražavanje praznine ili početka.', '数字の0。空や開始を表します。'),
(1, 'Jedan', 'いち', 'Broj 1, prvi broj u nizu.', '数字の1。最初の数です。'),
(1, 'Dva', 'に', 'Broj 2, drugi broj po redu.', '数字の2。2番目です。'),
(1, 'Tri', 'さん', 'Broj 3, često se koristi u svakodnevnim izrazima.', '数字の3。日常でよく使われます。'),
(1, 'Četiri', 'よん / し', 'Broj 4, ima dva izgovora; "shi" se ponekad izbjegava zbog značenja smrti.', '数字の4。発音が2つあり、「し」は死を連想させるため避けられることがあります。'),
(1, 'Pet', 'ご', 'Broj 5, srednji broj u prvih deset.', '数字の5。最初の10の中間の数です。'),
(1, 'Šest', 'ろく', 'Broj 6, često se koristi u adresama i datumima.', '数字の6。住所や日付によく使われます。'),
(1, 'Sedam', 'なな / しち', 'Broj 7, također ima dva izgovora.', '数字の7。発音が2つあります。'),
(1, 'Osam', 'はち', 'Broj 8, simbolizira sreću u nekim kulturama.', '数字の8。文化によっては幸運の象徴です。'),
(1, 'Devet', 'きゅう / く', 'Broj 9, "ku" se ponekad izbjegava zbog značenja boli.', '数字の9。「く」は苦しみを連想させるため避けられることがあります。'),
(1, 'Ponedjeljak', '月曜日（げつようび）', 'Prvi dan radnog tjedna.', '週の最初の平日です。'),
(1, 'Utorak', '火曜日（かようび）', 'Drugi dan u tjednu, slijedi nakon ponedjeljka.', '月曜日の次の日です。'),
(1, 'Srijeda', '水曜日（すいようび）', 'Sredina tjedna.', '週の真ん中の日です。'),
(1, 'Četvrtak', '木曜日（もくようび）', 'Dan nakon srijede.', '水曜日の次の日です。'),
(1, 'Petak', '金曜日（きんようび）', 'Zadnji radni dan u tjednu za većinu ljudi.', '多くの人にとって週の最後の平日です。'),
(1, 'Subota', '土曜日（どようび）', 'Prvi dan vikenda.', '週末の最初の日です。'),
(1, 'Nedjelja', '日曜日（にちようび）', 'Dan za odmor, kraj tjedna.', '休みの日で、週の最後の日です。'),
(2, 'Radni dan', '平日（へいじつ）', 'Dani od ponedjeljka do petka.', '月曜日から金曜日までの働く日です。'),
(2, 'Vikend', '週末（しゅうまつ）', 'Subota i nedjelja zajedno.', '土曜日と日曜日を合わせた言い方です。'),
(2, 'Dan', '日（ひ）', 'Opći pojam za dan u kalendarskom smislu.', 'カレンダー上の1日を表す言葉です。'),
(1, 'Voda', '水（みず）', 'Osnovno piće, bezbojna tekućina.', '基本的な飲み物で、無色の液体です。'),
(1, 'Riža', 'ご飯（ごはん）', 'Glavno jelo u japanskoj kuhinji.', '日本料理の主食です。'),
(1, 'Riba', '魚（さかな）', 'Često korištena namirnica u Japanu.', '日本でよく使われる食材です。'),
(1, 'Čaj', 'お茶（おちゃ）', 'Popularno japansko piće, često zeleni čaj.', '日本で人気のある飲み物、緑茶が一般的です。'),
(1, 'Juha od miso', '味噌汁（みそしる）', 'Tradicionalna japanska juha od fermentirane paste.', '発酵した味噌を使った日本の伝統的なスープです。'),
(2, 'Sushi', '寿司（すし）', 'Jelo od riže i ribe, poznato u cijelom svijetu.', 'ご飯と魚で作られた、世界的に有名な料理です。'),
(2, 'Govedina', '牛肉（ぎゅうにく）', 'Meso goveda, koristi se u raznim jelima.', '牛の肉で、さまざまな料理に使われます。'),
(2, 'Voće', '果物（くだもの）', 'Prirodna hrana koja dolazi s drveća ili biljaka.', '木や植物からとれる自然な食べ物です。'),
(2, 'Pivo', 'ビール', 'Alkoholno piće koje se često pije uz večeru.', '夕食と一緒に飲まれることが多いアルコール飲料です。'),
(2, 'Sladoled', 'アイスクリーム', 'Hladna slastica popularna ljeti.', '夏に人気のある冷たいデザートです。'),
(1, 'Danas', '今日（きょう）', 'Danasnji dan, trenutni dan.', '現在の日、今日です。'),
(1, 'Jučer', '昨日（きのう）', 'Dan prije današnjeg.', '昨日は今日の前の日です。'),
(1, 'Sutra', '明日（あした）', 'Dan koji dolazi nakon današnjeg.', '今日の次の日です。'),
(1, 'Tjedan', '週（しゅう）', 'Razdoblje od sedam dana.', '7日間の期間です。'),
(1, 'Mjesec', '月（つき）', 'Razdoblje od oko 30 dana, ili naziv za lunarni ciklus.', '約30日の期間、または月の名前です。'),
(1, 'Godina', '年（ねん）', 'Razdoblje od 12 mjeseci.', '12ヶ月の期間です。'),
(2, 'Jutro', '朝（あさ）', 'Dio dana koji slijedi odmah nakon izlaska sunca.', '日の出の後の時間帯です。'),
(2, 'Večer', '夕方（ゆうがた）', 'Dio dana koji slijedi nakon zalaska sunca.', '日没後の時間帯です。'),
(2, 'Sredina dana', '昼（ひる）', 'Vrijeme između jutra i večeri.', '朝と夕方の間の時間です。'),
(3, 'Ponedjeljak', '月曜日（げつようび）', 'Prvi dan u tjednu.', '週の最初の日です。'),
(1, 'Raditi', '働く（はたらく）', 'Izvoditi fizičke ili intelektualne aktivnosti.', '肉体的または知的な活動を行うことです。'),
(1, 'Jesti', '食べる（たべる）', 'Uzimati hranu.', '食べ物を取ることです。'),
(1, 'Piti', '飲む（のむ）', 'Uzimati tekućinu.', '液体を取ることです。'),
(1, 'Spavati', '寝る（ねる）', 'Biti u stanju mirovanja tijekom noći.', '夜間に休むことです。'),
(1, 'Čitati', '読む（よむ）', 'Istraživati tekst ili pisani materijal.', 'テキストや書かれた資料を読むことです。'),
(2, 'Voljeti', '愛する（あいする）', 'Imati snažnu naklonost ili osjećaj privrženosti.', '強い愛情または親密さを感じることです。'),
(2, 'Učiti', '学ぶ（まなぶ）', 'Prikupljati novo znanje ili vještine.', '新しい知識やスキルを学ぶことです。'),
(2, 'Vidjeti', '見る（みる）', 'Upotrijebiti oči da bi se nešto promatrali.', '目で何かを観察することです。'),
(2, 'Slušati', '聞く（きく）', 'Upotrijebiti uši da bi se nešto čulo.', '耳で何かを聞くことです。'),
(3, 'Biti', 'いる / ある', 'Glagol koji označava postojanje ili prisutnost.', '存在または存在することを表す動詞です。'),
(1, 'Putovanje', '旅行（りょこう）', 'Putovanje od mjesta do mjesta u svrhu opuštanja, istraživanja ili poslovanja.', 'リラックス、探検、またはビジネスの目的で場所から場所への移動です。'),
(1, 'Zrakoplov', '飛行機（ひこうき）', 'Uređaj koji leti i koristi se za putovanje na velike udaljenosti.', '遠距離移動のために使われる飛行する乗り物です。'),
(1, 'Automobil', '自動車（じどうしゃ）', 'Vozilo na kotačima koje se koristi za putovanje po cesti.', '道路を走るために使われる車両です。'),
(1, 'Vlak', '電車（でんしゃ）', 'Sredstvo za prijevoz na željezničkoj pruzi.', '鉄道の上を走る交通手段です。'),
(1, 'Brod', '船（ふね）', 'Plovni objekt koji se koristi za putovanje po moru.', '海上を移動するための乗り物です。'),
(2, 'Tura', 'ツアー', 'Organizirani obilazak, obično s vodičem.', 'ガイド付きで行う組織的な観光です。'),
(2, 'Pasoš', 'パスポート', 'Dokument koji omogućuje međunarodna putovanja.', '国際的な旅行を許可するための公式な文書です。'),
(2, 'Rezervacija', '予約（よやく）', 'Dogovorena mjesta za uslugu, obično unaprijed.', '通常、事前に行うサービスのための場所の確保です。'),
(2, 'Turistička destinacija', '観光地（かんこうち）', 'Mjesto koje je popularno među turistima za posjetiti.', '観光客が訪れる人気のある場所です。'),
(3, 'Putnički vodič', 'ガイドブック', 'Knjiga ili aplikacija koja pruža informacije o destinacijama i atrakcijama.', '目的地や観光地に関する情報を提供する本やアプリです。'),
(1, 'Kupovina', '買い物（かいもの）', 'Aktivnost kupnje proizvoda ili usluga.', '製品やサービスを購入する活動です。'),
(1, 'Trgovina', '店（みせ）', 'Mjesto gdje se prodaju proizvodi ili usluge.', '製品やサービスを販売する場所です。'),
(1, 'Novac', 'お金（おかね）', 'Sredstvo razmjene za kupovinu proizvoda ili usluga.', '製品やサービスを購入するための交換手段です。'),
(1, 'Cijena', '価格（かかく）', 'Vrijednost proizvoda ili usluge izražena u novčanoj jedinici.', '製品やサービスの金銭的な価値です。'),
(1, 'Popust', '割引（わりびき）', 'Smanjenje cijene proizvoda ili usluge.', '製品やサービスの価格を下げることです。'),
(2, 'Račun', '領収書（りょうしゅうしょ）', 'Dokument koji potvrđuje kupovinu proizvoda ili usluge.', '製品やサービスの購入を証明する文書です。'),
(2, 'Kupac', '顧客（こきゃく）', 'Osoba koja kupuje proizvod ili uslugu.', '製品やサービスを購入する人です。'),
(2, 'Prodavač', '店員（てんいん）', 'Osoba koja prodaje proizvode ili usluge u trgovini.', '店で製品やサービスを販売する人です。'),
(2, 'Kupovati na internetu', 'オンラインショッピング', 'Kupovina proizvoda ili usluga putem interneta.', 'インターネットを通じて製品やサービスを購入することです。'),
(3, 'Shopping centar', 'ショッピングセンター', 'Veliki kompleks s trgovinama, restoranima i drugim uslugama.', '多くの店、レストラン、その他のサービスがある大きな商業施設です。'),
(1, 'Pozdrav', '挨拶（あいさつ）', 'Riječ ili izraz koji se koristi pri susretu ili odlasku od drugih.', '人と会うときや別れるときに使う言葉や表現です。'),
(1, 'Molim', 'お願いします（おねがいします）', 'Ljubazni izraz za traženje nečega ili izražavanje želje.', '何かをお願いする時に使う丁寧な表現です。'),
(1, 'Hvala', 'ありがとう（ございます）', 'Izraz zahvalnosti.', '感謝の気持ちを表す言葉です。'),
(1, 'Izvolite', 'どうぞ', 'Izraz koji se koristi prilikom davanja nečega nekoj osobi.', '何かを他の人に渡す時に使う表現です。'),
(2, 'Oprostite', 'すみません（すみません）', 'Izraz koji se koristi za ispriku ili privlačenje pažnje.', '謝罪や注意を引くために使う表現です。'),
(2, 'U redu', '大丈夫（だいじょうぶ）', 'Izraz koji označava pristajanje na nešto ili potvrdu da je nešto u redu.', '同意や問題がないことを表す言葉です。'),
(2, 'Izvinjavam se', '申し訳ありません（もうしわけありません）', 'Izraz koji se koristi za izražavanje duboke isprike.', '深い謝罪を表す言葉です。'),
(2, 'Gospodine', '様（さま）', 'Poštovani način obraćanja za muškarca.', '男性に対する敬意を表す言葉です。'),
(3, 'Pomoć', '助けて（たすけて）', 'Izraz koji se koristi za traženje pomoći.', '助けを求める時に使う表現です。'),
(3, 'Ljubaznost', '親切（しんせつ）', 'Osobina koja označava spremnost da se pomogne i bude pažljiv prema drugima.', '他の人を助けたり思いやりを持つ性質です。'),
(1, 'Kultura', '文化（ぶんか）', 'Skup običaja, vjerovanja, umjetnosti i ponašanja određene grupe ljudi.', 'ある集団の習慣、信仰、芸術、行動の総体です。'),
(1, 'Običaji', '習慣（しゅうかん）', 'Uobičajeni načini ponašanja unutar zajednice ili društva.', '社会や共同体の中での一般的な行動様式です。'),
(1, 'Festival', '祭り（まつり）', 'Proslava s tradicionalnim aktivnostima, glazbom i hranom.', '伝統的な活動や音楽、食べ物を伴うお祝いです。'),
(2, 'Kimono', '着物（きもの）', 'Tradicionalna japanska odjeća nošena u posebnim prilikama.', '特別な場で着られる日本の伝統的な衣装です。'),
(2, 'Japanska čajna ceremonija', '茶道（さどう）', 'Tradicionalni ritual pripreme i posluživanja čaja.', 'お茶を点てて提供する日本の伝統的な儀式です。'),
(2, 'Obuvanje cipela', '靴を脱ぐ（くつをぬぐ）', 'Japanski običaj izuvanja cipela prije ulaska u kuću.', '家に入る前に靴を脱ぐ日本の習慣です。'),
(2, 'Poklon', 'お土産（おみやげ）', 'Dar koji se donosi s putovanja ili prilikom posjeta.', '旅行や訪問の際に持っていく贈り物です。'),
(3, 'Zatvaranje usta pri smijanju', '笑うときに口を隠す', 'Kulturološki običaj u Japanu, povezan sa skromnošću.', '謙虚さを表すために笑う時に口を隠す習慣です。'),
(3, 'Zajednički obroci', '家族で食事（かぞくでしょくじ）', 'Obiteljski običaj zajedničkog blagovanja.', '家族が一緒に食事をする文化的な習慣です。'),
(3, 'Zahvala prije jela', 'いただきます', 'Izraz zahvalnosti prije jela u japanskoj kulturi.', '日本の文化で、食事の前に感謝を示す言葉です。'),

(1, 'Crvena', '赤（あか）', 'Topla boja koja se često povezuje s ljubavlju, strašću i opasnošću.', '愛や情熱、危険と結びつけられる暖色です。'),
(1, 'Plava', '青（あお）', 'Hladna boja koja simbolizira mir, stabilnost i povjerenje.', '平和や安定、信頼を象徴する寒色です。'),
(1, 'Žuta', '黄色（きいろ）', 'Svijetla boja povezana s radošću, energijom i oprezom.', '喜びやエネルギー、注意と関係する明るい色です。'),
(1, 'Zelena', '緑（みどり）', 'Boja prirode koja označava rast, svježinu i sklad.', '自然を表し、成長や新鮮さ、調和を意味します。'),
(1, 'Crna', '黒（くろ）', 'Tamna boja povezana s elegancijom, tajanstvenošću i tugom.', '優雅さや神秘、悲しみと結びつけられる暗い色です。'),
(1, 'Bijela', '白（しろ）', 'Boja čistoće, nevinosti i novog početka.', '純粋さや無垢、新たな始まりを象徴する色です。'),
(2, 'Ružičasta', '桃色（ももいろ）', 'Nježna boja povezana s romantikom i nježnošću.', 'ロマンスや優しさを表す柔らかい色です。'),
(2, 'Siva', '灰色（はいいろ）', 'Neutralna boja između crne i bijele, često označava formalnost ili tugu.', '黒と白の間の中間色で、格式や悲しみを表すことがあります。'),

(1, 'Majka', '母（はは）', 'Žena koja je rodila ili odgaja dijete.', '子どもを産んだり育てたりする女性です。'),
(1, 'Otac', '父（ちち）', 'Muškarac koji je otac djeteta.', '子どもの父親である男性です。'),
(1, 'Brat', '兄弟（きょうだい）', 'Muški član iste obitelji, sin istih roditelja.', '同じ親を持つ男性のきょうだいです。'),
(1, 'Sestra', '姉妹（しまい）', 'Ženska članica iste obitelji, kći istih roditelja.', '同じ親を持つ女性のきょうだいです。'),
(2, 'Baka', '祖母（そぼ）', 'Majka oca ili majke.', '父または母の母親です。'),
(2, 'Djed', '祖父（そふ）', 'Otac oca ili majke.', '父または母の父親です。'),

(1, 'Desno', '右（みぎ）', 'Smjer prema desnoj strani tijela kada gledaš naprijed.', '前を向いたときの体の右側の方向です。'),
(1, 'Lijevo', '左（ひだり）', 'Smjer prema lijevoj strani tijela kada gledaš naprijed.', '前を向いたときの体の左側の方向です。'),
(1, 'Ispred', '前（まえ）', 'Prostor koji se nalazi ispred tebe ili nečega.', '自分や物の前方にある空間です。'),
(2, 'Iza', '後ろ（うしろ）', 'Prostor koji se nalazi iza tebe ili nečega.', '自分や物の後方にある空間です。'),
(2, 'Blizu', '近く（ちかく）', 'Lokacija koja nije daleko, u neposrednoj blizini.', '距離が短く、近い場所にあることを表します。'),

(1, 'Sretan', '嬉しい（うれしい）', 'Osjećaj radosti i zadovoljstva.', '喜びや満足感を感じる気持ちです。'),
(1, 'Tužan', '悲しい（かなしい）', 'Osjećaj tuge zbog gubitka ili razočaranja.', '喪失や失望によって感じる悲しみです。'),
(1, 'Ljut', '怒っている（おこっている）', 'Osjećaj bijesa ili frustracije zbog nepravde ili problema.', '不正や問題による怒りや苛立ちを感じることです。'),
(2, 'Zaljubljen', '恋している（こいしている）', 'Osjećaj jake emocionalne privrženosti prema nekome.', '誰かに対する強い感情的な愛着です。'),
(2, 'Nervozan', '緊張している（きんちょうしている）', 'Osjećaj tjeskobe ili napetosti u nepoznatim situacijama.', '不安や緊張を感じる状態です。'),
(2, 'Zbunjen', '混乱している（こんらんしている）', 'Stanje nesigurnosti ili nerazumijevanja.', 'よく分からず、どうしていいか分からない状態です。'),
(2, 'Umoran', '疲れている（つかれている）', 'Fizički ili mentalni osjećaj iscrpljenosti.', '身体的または精神的な疲れを感じることです。');

INSERT INTO lesson_term(term_id, lesson_id, term_num) VALUES
(1, 1, 1),
(2, 1, 2),
(3, 1, 3),
(4, 1, 4),
(5, 1, 5),
(6, 1, 6),
(7, 1, 7),
(8, 1, 8),
(9, 1, 9),
(10, 1, 10),
(11, 2, 1),
(12, 2, 2),
(13, 2, 3),
(14, 2, 4),
(15, 2, 5),
(16, 2, 6),
(17, 2, 7),
(18, 2, 8),
(19, 2, 9),
(20, 2, 10),
(21, 3, 1),
(22, 3, 2),
(23, 3, 3),
(24, 3, 4),
(25, 3, 5),
(26, 3, 6),
(27, 3, 7),
(28, 3, 8),
(29, 3, 9),
(30, 3, 10),
(31, 4, 1),
(32, 4, 2),
(33, 4, 3),
(34, 4, 4),
(35, 4, 5),
(36, 4, 6),
(37, 4, 7),
(38, 4, 8),
(39, 4, 9),
(40, 4, 10),
(41, 5, 1),
(42, 5, 2),
(43, 5, 3),
(44, 5, 4),
(45, 5, 5),
(46, 5, 6),
(47, 5, 7),
(48, 5, 8),
(49, 5, 9),
(50, 5, 10),
(51, 6, 1),
(52, 6, 2),
(53, 6, 3),
(54, 6, 4),
(55, 6, 5),
(56, 6, 6),
(57, 6, 7),
(58, 6, 8),
(59, 6, 9),
(60, 6, 10),
(61, 7, 1),
(62, 7, 2),
(63, 7, 3),
(64, 7, 4),
(65, 7, 5),
(66, 7, 6),
(67, 7, 7),
(68, 7, 8),
(69, 7, 9),
(70, 7, 10),
(71, 8, 1),
(72, 8, 2),
(73, 8, 3),
(74, 8, 4),
(75, 8, 5),
(76, 8, 6),
(77, 8, 7),
(78, 8, 8),
(79, 8, 9),
(80, 8, 10),
(81, 9, 1),
(82, 9, 2),
(83, 9, 3),
(84, 9, 4),
(85, 9, 5),
(86, 9, 6),
(87, 9, 7),
(88, 9, 8),
(89, 9, 9),
(90, 9, 10),
(91, 10, 1),
(92, 10, 2),
(93, 10, 3),
(94, 10, 4),
(95, 10, 5),
(96, 10, 6),
(97, 10, 7),
(98, 10, 8),
(99, 10, 9),
(100, 10, 10);

INSERT INTO lesson_question(id, task_id, term_id, lesson_id) VALUES
(1, 1, 1, 1),
(2, 1, 2, 1),
(3, 1, 3, 1),
(4, 1, 4, 1),
(5, 1, 5, 1),
(6, 2, 11, 2),
(7, 2, 12, 2),
(8, 2, 13, 2),
(9, 2, 14, 2),
(10, 2, 15, 2),
(11, 3, 21, 3),
(12, 3, 22, 3),
(13, 3, 23, 3),
(14, 3, 24, 3),
(15, 3, 25, 3),
(16, 4, 31, 4),
(17, 4, 32, 4),
(18, 4, 33, 4),
(19, 4, 34, 4),
(20, 4, 35, 4),
(21, 5, 41, 5),
(22, 5, 42, 5),
(23, 5, 43, 5),
(24, 5, 44, 5),
(25, 5, 45, 5),
(26, 6, 51, 6),
(27, 6, 52, 6),
(28, 6, 53, 6),
(29, 6, 54, 6),
(30, 6, 55, 6),
(31, 7, 61, 7),
(32, 7, 62, 7),
(33, 7, 63, 7),
(34, 7, 64, 7),
(35, 7, 65, 7),
(36, 8, 71, 8),
(37, 8, 72, 8),
(38, 8, 73, 8),
(39, 8, 74, 8),
(40, 8, 75, 8),
(41, 9, 81, 9),
(42, 9, 82, 9),
(43, 9, 83, 9),
(44, 9, 84, 9),
(45, 9, 85, 9),
(46, 10, 91, 10),
(47, 10, 92, 10),
(48, 10, 93, 10),
(49, 10, 94, 10),
(50, 10, 95, 10);

INSERT INTO standalone_question(id, task_id, term_id) VALUES
(51, 11, 101),
(52, 11, 102),
(53, 11, 103),
(54, 11, 104),
(55, 11, 105),
(56, 11, 106),
(57, 11, 107),
(58, 11, 108),
(59, 12, 109),
(60, 12, 110),
(61, 12, 111),
(62, 12, 112),
(63, 12, 113),
(64, 12, 114),
(65, 13, 115),
(66, 13, 116),
(67, 13, 117),
(68, 13, 118),
(69, 13, 119),
(70, 14, 120),
(71, 14, 121),
(72, 14, 122),
(73, 14, 123),
(74, 14, 124),
(75, 14, 125),
(76, 14, 126);